Agenten-Name,Aufgabe,Status
Nova (Chef-Agentin),DGX OS 端berpr端fen und Netzwerk einrichten,Abgeschlossen
Nova (Chef-Agentin),Docker und Kubernetes-Cluster installieren,Abgeschlossen
Nova (Chef-Agentin),VPN & Fernzugriff (WireGuard/OpenVPN) aktivieren,Abgeschlossen
Nova (Chef-Agentin),Security & Datenschutz-Checks durchf端hren,Abgeschlossen
Nova (Chef-Agentin),Backup- & Recovery-System aufsetzen,Abgeschlossen
Orion (KI-Software-Spezialist),NVIDIA NeMo Framework installieren,Abgeschlossen
Orion (KI-Software-Spezialist),"LLM-Auswahl treffen und installieren (z.B. Llama 3, Mixtral)",Abgeschlossen
Orion (KI-Software-Spezialist),Finetuning & Anpassung des LLM f端r Sophia,Abgeschlossen
Orion (KI-Software-Spezialist),LangChain installieren und integrieren,Abgeschlossen
Lumina (Datenbank & Speicherexperte),MongoDB & PostgreSQL installieren und konfigurieren,Abgeschlossen
Lumina (Datenbank & Speicherexperte),"Einrichtung Sophia-Wissensdatenbank (VectorDB: Pinecone, FAISS)",Abgeschlossen
Echo (Avatar & Interaktionsdesigner),"NVIDIA ACE (Riva, Audio2Face, NeMo) installieren",Abgeschlossen
Echo (Avatar & Interaktionsdesigner),"Avatar-Pipeline erstellen & Avatar animieren (Omniverse, Audio2Face, Riva)",Abgeschlossen
Echo (Avatar & Interaktionsdesigner),Integration Sophia-Avatar mit MS Teams,Abgeschlossen
Chronos (Workflow & Automatisierungsspezialist),n8n Workflow Automation installieren und konfigurieren,Abgeschlossen
Chronos (Workflow & Automatisierungsspezialist),Entwicklung von Chain-Pipelines & Agentenworkflows (LangChain/n8n),Abgeschlossen
Chronos (Workflow & Automatisierungsspezialist),Aktivierung automatischer Selbstverbesserung (Data Flywheel),Abgeschlossen
Chronos (Workflow & Automatisierungsspezialist),CI/CD Pipeline mit GitHub Enterprise und Kubernetes einrichten,Abgeschlossen
Aura (Monitoring & Dashboard-Entwicklerin),Grafana installieren und initialisieren,Abgeschlossen
Aura (Monitoring & Dashboard-Entwicklerin),Sophia-Dashboard (LUX-Dashboard) entwickeln und integrieren,Abgeschlossen
Aura (Monitoring & Dashboard-Entwicklerin),Energie- & Ressourceneffizienz-Optimierung aktivieren,Abgeschlossen
Aura (Monitoring & Dashboard-Entwicklerin),Emotionales & Stimmungs-Feedback visualisieren,Abgeschlossen
